{
  "format_version":"1.17.0",
    "minecraft:spawn_rules":{
      "description":{
        "identifier":"serp:despawn",
        "population_control":"animal"
      },
      "conditions":[
      {
      "minecraft:spawns_on_surface":{},
      "minecraft:density_limit":{"surface":1},
      "minecraft:spawns_on_block_filter":["minecraft:grass"],
      "minecraft:permute_type":[
{"entity_type":"pokemon:p1"}
      ],
      "minecraft:delay_filter":{"min":32,"max":64,"identifier":"pokemon:p1","spawn_chance":10},
      "minecraft:biome_filter":{"test":"has_biome_tag","value":"forest"}
      },
      {
      "minecraft:spawns_on_surface":{},
      "minecraft:density_limit":{"surface":1},
      "minecraft:spawns_on_block_filter":["minecraft:sand"],
      "minecraft:permute_type":[
  {"entity_type":"pokemon:p4"}
      ],
      "minecraft:delay_filter":{"min":32,"max":64,"identifier":"pokemon:p4","spawn_chance":10},
      "minecraft:biome_filter":{"test":"has_biome_tag","value":"mesa"}
      },
      {
      "minecraft:spawns_on_surface":{},
      "minecraft:density_limit":{"surface":1},
      "minecraft:spawns_on_block_filter":["minecraft:grass","minecraft:sand"],
      "minecraft:permute_type":[
{"entity_type":"pokemon:p7"}
      ],
      "minecraft:delay_filter":{"min":32,"max":64,"identifier":"pokemon:p7","spawn_chance":10},
      "minecraft:biome_filter":{"test":"has_biome_tag","value":"beach"}
      },
      {
      "minecraft:spawns_on_surface":{},
      "minecraft:density_limit":{"surface":1},
      "minecraft:spawns_on_block_filter":["minecraft:grass"],
      "minecraft:permute_type":[
{"weight":10,"entity_type":"pokemon:p12"},
{"weight":30,"entity_type":"pokemon:p11"},
{"weight":60,"entity_type":"pokemon:p10"}
      ],
      "minecraft:delay_filter":{"min":2,"max":4,"identifier":"pokemon:p12","spawn_chance":80},
      "minecraft:biome_filter":{"test":"has_biome_tag","value":"forest"}
      },
      {
      "minecraft:spawns_on_surface":{},
      "minecraft:density_limit":{"surface":1},
      "minecraft:spawns_on_block_filter":["minecraft:grass"],
      "minecraft:permute_type":[
{"weight":30,"entity_type":"pokemon:p14"},
{"weight":70,"entity_type":"pokemon:p13"}
      ],
      "minecraft:delay_filter":{"min":2,"max":4,"identifier":"pokemon:p13","spawn_chance":80},
      "minecraft:biome_filter":{"test":"has_biome_tag","value":"forest"}
      },
      {
      "minecraft:spawns_on_surface":{},
      "minecraft:density_limit":{"surface":1},
      "minecraft:spawns_on_block_filter":["minecraft:grass"],
      "minecraft:permute_type":[
{"entity_type":"pokemon:p15"}
      ],
      "minecraft:delay_filter":{"min":2,"max":4,"identifier":"pokemon:p15","spawn_chance":80},
      "minecraft:biome_filter":{"test":"has_biome_tag","value":"flower_forest"}
      },
      {
      "minecraft:spawns_on_surface":{},
      "minecraft:density_limit":{"surface":1},
      "minecraft:spawns_on_block_filter":["minecraft:grass","minecraft:sand","minecraft:snow_layer"],
      "minecraft:permute_type":[
{"weight":10,"entity_type":"pokemon:p18"},
{"weight":30,"entity_type":"pokemon:p17"},
{"weight":60,"entity_type":"pokemon:p16"}
      ],
      "minecraft:delay_filter":{"min":2,"max":4,"identifier":"pokemon:p16","spawn_chance":80},
      "minecraft:biome_filter":{"test":"has_biome_tag","operator":"!=","value":"ocean"}
      },
      {
      "minecraft:spawns_on_surface":{},
      "minecraft:density_limit":{"surface":1},
      "minecraft:spawns_on_block_filter":["minecraft:grass","minecraft:sand","minecraft:snow_layer"],
      "minecraft:permute_type":[
{"weight":30,"entity_type":"pokemon:p20"},
{"weight":70,"entity_type":"pokemon:p19"}
      ],
      "minecraft:delay_filter":{"min":2,"max":4,"identifier":"pokemon:p19","spawn_chance":80},
      "minecraft:biome_filter":{"test":"has_biome_tag","operator":"!=","value":"ocean"}
      },
      {
      "minecraft:spawns_on_surface":{},
      "minecraft:density_limit":{"surface":1},
      "minecraft:spawns_on_block_filter":["minecraft:grass","minecraft:sand","minecraft:snow_layer"],
      "minecraft:permute_type":[
{"entity_type":"pokemon:p21"}
      ],
      "minecraft:delay_filter":{"min":2,"max":4,"identifier":"pokemon:p21","spawn_chance":80},
      "minecraft:biome_filter":{"test":"has_biome_tag","operator":"!=","value":"oocean"}
      },
      {
      "minecraft:spawns_on_surface":{},
      "minecraft:density_limit":{"surface":1},
      "minecraft:spawns_on_block_filter":["minecraft:grass","minecraft:sand","minecraft:snow_layer"],
      "minecraft:permute_type":[
{"entity_type":"pokemon:p22"}
      ],
      "minecraft:delay_filter":{"min":2,"max":4,"identifier":"pokemon:p22","spawn_chance":80},
      "minecraft:biome_filter":{"test":"has_biome_tag","value":"extreme_hills"}
      },
      {
      "minecraft:spawns_on_surface":{},
      "minecraft:density_limit":{"surface":1},
      "minecraft:spawns_on_block_filter":["minecraft:grass"],
      "minecraft:permute_type":[
{"weight":30,"entity_type":"pokemon:p24"},
{"weight":70,"entity_type":"pokemon:p23"}
      ],
      "minecraft:delay_filter":{"min":2,"max":4,"identifier":"pokemon:p23","spawn_chance":80},
      "minecraft:biome_filter":{"test":"has_biome_tag","value":"swamp"}
      },
      {
      "minecraft:spawns_on_surface":{},
      "minecraft:density_limit":{"surface":1},
      "minecraft:spawns_on_block_filter":["minecraft:grass"],
      "minecraft:permute_type":[
{"entity_type":"pokemon:p25"}
      ],
      "minecraft:delay_filter":{"min":2,"max":4,"identifier":"pokemon:p25","spawn_chance":80},
      "minecraft:biome_filter":{"test":"has_biome_tag","value":"forest"}
      },
      {
      "minecraft:spawns_on_surface":{},
      "minecraft:density_limit":{"surface":1},
      "minecraft:spawns_on_block_filter":["minecraft:sand"],
      "minecraft:permute_type":[
{"weight":30,"entity_type":"pokemon:p28"},
{"weight":70,"entity_type":"pokemon:p27"}
      ],
      "minecraft:delay_filter":{"min":2,"max":4,"identifier":"pokemon:p28","spawn_chance":80},
      "minecraft:biome_filter":{"test":"has_biome_tag","value":"desert"}
      },
      {
      "minecraft:spawns_on_surface":{},
      "minecraft:density_limit":{"surface":1},
      "minecraft:spawns_on_block_filter":["minecraft:grass","minecraft:snow_layer"],
      "minecraft:permute_type":[
{"weight":30,"entity_type":"pokemon:p30"},
{"weight":70,"entity_type":"pokemon:p29"}
      ],
      "minecraft:delay_filter":{"min":2,"max":4,"identifier":"pokemon:p29","spawn_chance":80},
      "minecraft:biome_filter":{"test":"has_biome_tag","value":"forest"}
      },
      {
      "minecraft:spawns_on_surface":{},
      "minecraft:density_limit":{"surface":1},
      "minecraft:spawns_on_block_filter":["minecraft:grass","minecraft:snow_layer"],
      "minecraft:permute_type":[
{"weight":30,"entity_type":"pokemon:p33"},
{"weight":70,"entity_type":"pokemon:p32"}
      ],
      "minecraft:delay_filter":{"min":2,"max":4,"identifier":"pokemon:p32","spawn_chance":80},
      "minecraft:biome_filter":{"test":"has_biome_tag","value":"forest"}
      },
      {
      "minecraft:spawns_on_surface":{},
      "minecraft:density_limit":{"surface":1},
      "minecraft:brightness_filter":{"min":5,"max":7,"adjust_for_weather":false},
      "minecraft:spawns_on_block_filter":["minecraft:grass","minecraft:stone"],
      "minecraft:permute_type":[
{"entity_type":"pokemon:p35"}
      ],
      "minecraft:delay_filter":{"min":2,"max":4,"identifier":"pokemon:p35","spawn_chance":80},
      "minecraft:biome_filter":{"test":"has_biome_tag","operator":"!=","value":"ocean"}
      },
      {
      "minecraft:spawns_on_surface":{},
      "minecraft:density_limit":{"surface":1},
      "minecraft:spawns_on_block_filter":["minecraft:grass"],
      "minecraft:permute_type":[
{"entity_type":"pokemon:p37"}
      ],
      "minecraft:delay_filter":{"min":2,"max":4,"identifier":"pokemon:p37","spawn_chance":80},
      "minecraft:biome_filter":{"all_of":[{"test":"has_biome_tag","value":"roofed"},{"test":"has_biome_tag","value":"forest"}]
        }
      },
      {
      "minecraft:spawns_on_surface":{},
      "minecraft:density_limit":{"surface":1},
      "minecraft:spawns_on_block_filter":["minecraft:stone"],
      "minecraft:permute_type":[
{"entity_type":"pokemon:p39"}
      ],
      "minecraft:delay_filter":{"min":2,"max":4,"identifier":"pokemon:p39","spawn_chance":80},
      "minecraft:biome_filter":{"test":"has_biome_tag","value":"monster"}
      },
      {
      "minecraft:spawns_underground":{},
      "minecraft:density_limit":{"surface":1,"underground":10},
      "minecraft:permute_type":[
{"weight":30,"entity_type":"pokemon:p42"},
{"weight":70,"entity_type":"pokemon:p41"}
      ],
      "minecraft:delay_filter":{"min":2,"max":4,"identifier":"pokemon:p41","spawn_chance":80},
      "minecraft:biome_filter":{"test":"has_biome_tag","value":"monster"}
      },
      {
      "minecraft:spawns_on_surface":{},
      "minecraft:density_limit":{"surface":1},
      "minecraft:spawns_on_block_filter":["minecraft:grass","minecraft:dirt"],
      "minecraft:permute_type":[
{"weight":30,"entity_type":"pokemon:p44"},
{"weight":70,"entity_type":"pokemon:p43"}
      ],
      "minecraft:delay_filter":{"min":2,"max":4,"identifier":"pokemon:p43","spawn_chance":80},
      "minecraft:biome_filter":{"all_of":[{"test":"has_biome_tag","value":"birch"},{"test":"has_biome_tag","value":"forest"}]}
      },
      {
      "minecraft:spawns_on_surface":{},
      "minecraft:density_limit":{"surface":1},
      "minecraft:spawns_on_block_filter":["minecraft:grass"],
      "minecraft:permute_type":[
{"weight":20,"entity_type":"pokemon:p47"},
{"weight":70,"entity_type":"pokemon:p46"}
      ],
      "minecraft:delay_filter":{"min":2,"max":4,"identifier":"pokemon:p46","spawn_chance":80},
      "minecraft:biome_filter":{"test":"has_biome_tag","value":"mooshroom_island"}
      },
      {
      "minecraft:spawns_on_surface":{},
      "minecraft:density_limit":{"surface":1},
      "minecraft:spawns_on_block_filter":["minecraft:grass"],
      "minecraft:permute_type":[
{"weight":30,"entity_type":"pokemon:p49"},
{"weight":70,"entity_type":"pokemon:p48"}
      ],
      "minecraft:delay_filter":{"min":2,"max":4,"identifier":"pokemon:p48","spawn_chance":80},
      "minecraft:biome_filter":{"all_of":[{"test":"has_biome_tag","value":"roofed"},{"test":"has_biome_tag","value":"forest"}]}
      },
      {
      "minecraft:spawns_underground":{},
      "minecraft:density_limit":{"surface":1,"underground":10},
      "minecraft:permute_type":[
{"weight":30,"entity_type":"pokemon:51"},
{"weight":70,"entity_type":"pokemon:50"}
      ],
      "minecraft:delay_filter":{"min":2,"max":4,"identifier":"pokemon:p50","spawn_chance":80},
      "minecraft:biome_filter":{"test":"has_biome_tag","value":"monster"}
      },
      {
      "minecraft:spawns_on_surface":{},
      "minecraft:density_limit":{"surface":1},
      "minecraft:spawns_on_block_filter":["minecraft:grass"],
      "minecraft:permute_type":[
{"weight":20,"entity_type":"pokemon:p53"},
{"weight":80,"entity_type":"pokemon:p52"}
      ],
      "minecraft:delay_filter":{"min":4,"max":8,"identifier":"pokemon:p52","spawn_chance":60},
      "minecraft:biome_filter":{"test":"has_biome_tag","value":"plains"}
      },
      {
      "minecraft:spawns_on_surface":{},
      "minecraft:spawns_underwater":{},
      "minecraft:density_limit":{"surface":1},
      "minecraft:permute_type":[
{"weight":20,"entity_type":"pokemon:p55"},
{"weight":80,"entity_type":"pokemon:p54"}
      ],
      "minecraft:delay_filter":{"min":4,"max":8,"identifier":"pokemon:p54","spawn_chance":60},
      "minecraft:biome_filter":{"test":"has_biome_tag","value":"river"}
      },
      {
      "minecraft:spawns_on_surface":{},
      "minecraft:density_limit":{"surface":1},
      "minecraft:spawns_on_block_filter":["minecraft:grass"],
      "minecraft:permute_type":[
{"weight":30,"entity_type":"pokemon:p57"},
{"weight":70,"entity_type":"pokemon:p56"}
      ],
      "minecraft:delay_filter":{"min":4,"max":8,"identifier":"pokemon:p56","spawn_chance":60},
      "minecraft:biome_filter":{"any_of":[{"test":"has_biome_tag","value":"savanna"},{"test":"has_biome_tag","value":"mesa"}]}
      },
      {
      "minecraft:spawns_on_surface":{},
      "minecraft:density_limit":{"surface":1},
      "minecraft:spawns_on_block_filter":["minecraft:grass"],
      "minecraft:permute_type":[
{"entity_type":"pokemon:p58"}
      ],
      "minecraft:delay_filter":{"min":8,"max":16,"identifier":"pokemon:p58","spawn_chance":40},
      "minecraft:biome_filter":{"test":"has_biome_tag","value":"plains"}
      },
      {
      "minecraft:spawns_on_surface":{},
      "minecraft:spawns_underwater":{},
      "minecraft:density_limit":{"surface":1},
      "minecraft:permute_type":[
{"weight":30,"entity_type":"pokemon:p61"},
{"weight":70,"entity_type":"pokemon:p60"}
      ],
      "minecraft:delay_filter":{"min":8,"max":16,"identifier":"pokemon:p60","spawn_chance":40},
      "minecraft:biome_filter":{"test":"has_biome_tag","value":"river"}
      },
      {
      "minecraft:spawns_on_surface":{},
      "minecraft:density_limit":{"surface":1},
      "minecraft:height_filter": {"min":128,"max":196},
      "minecraft:spawns_on_block_filter":["minecraft:stone"],
      "minecraft:permute_type":[
{"entity_type":"pokemon:p66"}
      ],
      "minecraft:delay_filter":{"min":8,"max":16,"identifier":"pokemon:p66","spawn_chance":60},
      "minecraft:biome_filter":{"test":"has_biome_tag","value":"monster"}
      },
      {
      "minecraft:spawns_on_surface":{},
      "minecraft:density_limit":{"surface":1},
      "minecraft:spawns_on_block_filter":["minecraft:grass"],
      "minecraft:permute_type":[
{"weight":30,"entity_type":"pokemon:p70"},
{"weight":70,"entity_type":"pokemon:p69"}
      ],
      "minecraft:delay_filter":{"min":2,"max":4,"identifier":"pokemon:p69","spawn_chance":80},
      "minecraft:biome_filter":{"test":"has_biome_tag","value":"forest"}
      },
      {
      "minecraft:spawns_on_surface":{},
      "minecraft:spawns_underwater":{},
      "minecraft:density_limit":{"surface":1},
      "minecraft:permute_type":[
{"weight":30,"entity_type":"pokemon:p73"},
{"weight":70,"entity_type":"pokemon:p72"}
      ],
      "minecraft:delay_filter":{"min":4,"max":8,"identifier":"pokemon:p72","spawn_chance":60},
      "minecraft:biome_filter":{"test":"has_biome_tag","value":"ocean"}
      },
      {
      "minecraft:spawns_on_surface":{},
      "minecraft:density_limit":{"surface":1},
      "minecraft:spawns_on_block_filter":["minecraft:grass","minecraft:sand"],
      "minecraft:permute_type":[
{"weight":30,"entity_type":"pokemon:p75"},
{"weight":70,"entity_type":"pokemon:p74"}
      ],
      "minecraft:delay_filter":{"min":2,"max":4,"identifier":"pokemon:p74","spawn_chance":80},
      "minecraft:biome_filter":{"test":"is_altitude","operator":">=","value":90}
      },
      {
      "minecraft:spawns_underground":{},
      "minecraft:density_limit":{"surface":1,"underground":10},
      "minecraft:permute_type":[
{"entity_type":"pokemon:p74"}
      ],
      "minecraft:delay_filter":{"min":2,"max":4,"identifier":"pokemon:p74","spawn_chance":80},
      "minecraft:biome_filter":{"test":"has_biome_tag","value":"monster"}
      },
      {
      "minecraft:spawns_on_surface":{},
      "minecraft:density_limit":{"surface":1},
      "minecraft:permute_type":[
{"weight":30,"entity_type":"pokemon:p78"},
{"weight":70,"entity_type":"pokemon:p77"}
      ],
      "minecraft:delay_filter":{"min":4,"max":8,"identifier":"pokemon:p77","spawn_chance":60},
      "minecraft:biome_filter":{"test":"has_biome_tag","value":"mesa"}
      },
      {
      "minecraft:spawns_on_surface":{},
      "minecraft:spawns_underwater":{},
      "minecraft:density_limit":{"surface":1},
      "minecraft:permute_type":[
{"weight":30,"entity_type":"pokemon:p80"},
{"weight":70,"entity_type":"pokemon:p79"}
      ],
      "minecraft:delay_filter":{"min":8,"max":16,"identifier":"pokemon:p79","spawn_chance":40},
      "minecraft:biome_filter":{"test":"has_biome_tag","value":"beach"}
      },
      {
      "minecraft:spawns_on_surface":{},
      "minecraft:density_limit":{"surface":1},
      "minecraft:height_filter": {"min":128,"max":196},
      "minecraft:spawns_on_block_filter":["minecraft:stone"],
      "minecraft:permute_type":[
{"entity_type":"pokemon:p81"}
      ],
      "minecraft:delay_filter":{"min":8,"max":16,"identifier":"pokemon:p81","spawn_chance":60},
      "minecraft:biome_filter":{"test":"has_biome_tag","value":"monster"}
      },
      {
      "minecraft:spawns_on_surface":{},
      "minecraft:density_limit":{"surface":1},
      "minecraft:brightness_filter":{"max":7,"min":0},"adjust_for_weather":false,
      "minecraft:spawns_on_block_filter":["minecraft:grass"],
      "minecraft:permute_type":[
{"entity_type":"pokemon:p83"}
      ],
      "minecraft:delay_filter":{"min":16,"max":32,"identifier":"pokemon:p83","spawn_chance":20},
      "minecraft:biome_filter":{"test":"has_biome_tag","operator":"!=","value":"ocean"}
      },
      {
      "minecraft:spawns_on_surface":{},
      "minecraft:density_limit":{"surface":1},
      "minecraft:spawns_on_block_filter":["minecraft:grass"],
      "minecraft:permute_type":[
{"weight":30,"entity_type":"pokemon:p85"},
{"weight":70,"entity_type":"pokemon:p84"}
      ],
      "minecraft:delay_filter":{"min":4,"max":8,"identifier":"pokemon:p84","spawn_chance":60},
      "minecraft:biome_filter":{"any_of":[{"test":"has_biome_tag","value":"savanna"},{"test":"has_biome_tag","value":"mesa"}]}
      },
      {
      "minecraft:spawns_on_surface":{},
      "minecraft:spawns_underwater":{},
      "minecraft:density_limit":{"surface":1},
      "minecraft:permute_type":[
{"weight":30,"entity_type":"pokemon:p87"},
{"weight":70,"entity_type":"pokemon:p86"}
      ],
      "minecraft:delay_filter":{"min":16,"max":32,"identifier":"pokemon:p86","spawn_chance":60},
      "minecraft:biome_filter":{"test":"has_biome_tag","value":"ocean"}
      },
      {
      "minecraft:spawns_on_surface":{},
      "minecraft:spawns_underwater":{},
      "minecraft:density_limit":{"surface":1},
      "minecraft:permute_type":[
{"entity_type":"pokemon:p90"}
      ],
      "minecraft:delay_filter":{"min":4,"max":8,"identifier":"pokemon:p90","spawn_chance":60},
      "minecraft:biome_filter":{"any_of":[{"test":"has_biome_tag","value":"beach"},{"test":"has_biome_tag","value":"ocean"}]}
      },
      {
      "minecraft:spawns_on_surface":{},
      "minecraft:spawns_underground":{},
      "minecraft:brightness_filter":{"max":7,"min":0},"adjust_for_weather":true,
      "minecraft:density_limit":{"surface":1,"underground":10},
      "minecraft:permute_type":[
{"weight":30,"entity_type":"pokemon:p93"},
{"weight":70,"entity_type":"pokemon:p92"}
      ],
      "minecraft:delay_filter":{"min":2,"max":4,"identifier":"pokemon:p92","spawn_chance":80},
      "minecraft:biome_filter":{"any_of":[{"test":"has_biome_tag","value":"monster"},{"test":"has_biome_tag","value":"nether"}]}
      },
      {
      "minecraft:spawns_underground":{},
      "minecraft:density_limit":{"surface":1,"underground":10},
      "minecraft:permute_type":[
{"entity_type":"pokemon:p95"}
      ],
      "minecraft:delay_filter":{"min":16,"max":32,"identifier":"pokemon:p95","spawn_chance":20},
      "minecraft:biome_filter":{"test":"has_biome_tag","value":"monster"}
      },
      {
      "minecraft:spawns_on_surface":{},
      "minecraft:density_limit":{"surface":1},
      "minecraft:permute_type":[
{"weight":30,"entity_type":"pokemon:p97"},
{"weight":70,"entity_type":"pokemon:p96"}
      ],
      "minecraft:delay_filter":{"min":2,"max":4,"identifier":"pokemon:p96","spawn_chance":80},
      "minecraft:biome_filter":{"all_of":[{"test":"has_biome_tag","value":"roofed"},{"test":"has_biome_tag","value":"forest"}]}
      },
      {
      "minecraft:spawns_on_surface":{},
      "minecraft:density_limit":{"surface":1},
      "minecraft:spawns_on_block_filter":["minecraft:grass"],
      "minecraft:permute_type":[
{"entity_type":"pokemon:p102"}
      ],
      "minecraft:delay_filter":{"min":8,"max":16,"identifier":"pokemon:p102","spawn_chance":40},
      "minecraft:biome_filter":{"test":"has_biome_tag","value":"jungle"}
      },
      {
      "minecraft:spawns_on_surface":{},
      "minecraft:density_limit":{"surface":1},
      "minecraft:spawns_on_block_filter":["minecraft:grass","minecraft:sand"],
      "minecraft:permute_type":[
{"weight":30,"entity_type":"pokemon:p105"},
{"weight":70,"entity_type":"pokemon:p104"}
      ],
      "minecraft:delay_filter":{"min":4,"max":8,"identifier":"pokemon:p104","spawn_chance":60},
      "minecraft:biome_filter":{"test":"has_biome_tag","value":"savanna"}
      },
      {
      "minecraft:spawns_on_surface":{},
      "minecraft:density_limit":{"surface":1},
      "minecraft:spawns_on_block_filter":["minecraft:grass"],
      "minecraft:permute_type":[
{"entity_type":"pokemon:p108"}
      ],
      "minecraft:delay_filter":{"min":16,"max":32,"identifier":"pokemon:p108","spawn_chance":10},
      "minecraft:biome_filter":{"test":"has_biome_tag","value":"cherry_grove"}
      },
      {
      "minecraft:spawns_on_surface":{},
      "minecraft:spawns_underwater":{},
      "minecraft:density_limit":{"surface":1},
      "minecraft:permute_type":[
{"weight":30,"entity_type":"pokemon:p109"},
{"weight":70,"entity_type":"pokemon:p110"}
      ],
      "minecraft:delay_filter":{"min":8,"max":16,"identifier":"pokemon:p109","spawn_chance":40},
      "minecraft:biome_filter":{"test":"has_biome_tag","value":"mesa"}
      },
      {
      "minecraft:spawns_on_surface":{},
      "minecraft:density_limit":{"surface":1},
      "minecraft:spawns_on_block_filter":["minecraft:grass","minecraft:sand"],
      "minecraft:permute_type":[
{"weight":30,"entity_type":"pokemon:p112"},
{"weight":70,"entity_type":"pokemon:p111"}
      ],
      "minecraft:delay_filter":{"min":8,"max":16,"identifier":"pokemon:p111","spawn_chance":40},
      "minecraft:biome_filter":{"any_of":[{"test":"has_biome_tag","value":"mesa"},{"test":"has_biome_tag","value":"savanna"}]}
      },
      {
      "minecraft:spawns_on_surface":{},
      "minecraft:density_limit":{"surface":1},
      "minecraft:spawns_on_block_filter":["minecraft:grass","minecraft:sand"],
      "minecraft:permute_type":[
{"entity_type":"pokemon:p113"}
      ],
      "minecraft:delay_filter":{"min":16,"max":32,"identifier":"pokemon:p113","spawn_chance":10},
      "minecraft:biome_filter":{"test":"has_biome_tag","value":"savanna"}
      },
      {
      "minecraft:spawns_on_surface":{},
      "minecraft:density_limit":{"surface":1},
      "minecraft:spawns_on_block_filter":["minecraft:grass","minecraft:sand"],
      "minecraft:permute_type":[
{"entity_type":"pokemon:p115"}
      ],
      "minecraft:delay_filter":{"min":16,"max":32,"identifier":"pokemon:p115","spawn_chance":10},
      "minecraft:biome_filter":{"test":"has_biome_tag","value":"savanna"}
      },
      {
      "minecraft:spawns_on_surface":{},
      "minecraft:spawns_underwater":{},
      "minecraft:density_limit":{"surface":1},
      "minecraft:permute_type":[
{"weight":30,"entity_type":"pokemon:p119"},
{"weight":70,"entity_type":"pokemon:p118"}
      ],
      "minecraft:delay_filter":{"min":4,"max":8,"identifier":"pokemon:p118","spawn_chance":60},
      "minecraft:biome_filter":{"any_of":[{"test":"has_biome_tag","value":"ocean"},{"test":"has_biome_tag","value":"river"}]}
      },
      {
      "minecraft:spawns_on_surface":{},
      "minecraft:density_limit":{"surface":1},
      "minecraft:spawns_on_block_filter":["minecraft:grass"],
      "minecraft:permute_type":[
{"entity_type":"pokemon:p123"}
      ],
      "minecraft:delay_filter":{"min":4,"max":8,"identifier":"pokemon:p123","spawn_chance":40},
      "minecraft:biome_filter":{"all_of":[{"test":"has_biome_tag","value":"plains"},{"test":"has_biome_tag","value":"mutated"}]}
      },
      {
      "minecraft:spawns_on_surface":{},
      "minecraft:density_limit":{"surface":1},
      "minecraft:spawns_on_block_filter":["minecraft:grass"],
      "minecraft:permute_type":[
{"entity_type":"pokemon:p128"}
      ],
      "minecraft:delay_filter":{"min":4,"max":8,"identifier":"pokemon:p128","spawn_chance":60},
      "minecraft:biome_filter":{"test":"has_biome_tag","value":"savanna"}
      },
      {
      "minecraft:spawns_on_surface":{},
      "minecraft:spawns_underwater":{},
      "minecraft:density_limit":{"surface":1},
      "minecraft:permute_type":[
{"weight":20,"entity_type":"pokemon:p130"},
{"weight":80,"entity_type":"pokemon:p129"}
      ],
      "minecraft:delay_filter":{"min":4,"max":8,"identifier":"pokemon:p129","spawn_chance":60},
      "minecraft:biome_filter":{"any_of":[{"test":"has_biome_tag","value":"ocean"},{"test":"has_biome_tag","value":"river"}]}
      },
      {
      "minecraft:spawns_on_surface":{},
      "minecraft:spawns_underwater":{},
      "minecraft:density_limit":{"surface":1},
      "minecraft:permute_type":[
{"entity_type":"pokemon:p131"}
      ],
      "minecraft:delay_filter":{"min":16,"max":32,"identifier":"pokemon:p131","spawn_chance":20},
      "minecraft:biome_filter":{"test":"has_biome_tag","value":"ocean"}
      },
      {
      "minecraft:spawns_on_surface":{},
      "minecraft:density_limit":{"surface":1},
      "minecraft:spawns_on_block_filter":["minecraft:grass"],
      "minecraft:permute_type":[
{"entity_type":"pokemon:p133"}
      ],
      "minecraft:delay_filter":{"min":16,"max":32,"identifier":"pokemon:p133","spawn_chance":20},
      "minecraft:biome_filter":{"test":"has_biome_tag","value":"plains"}
      },
      {
      "minecraft:spawns_on_surface":{},
      "minecraft:density_limit":{"surface":1},
      "minecraft:spawns_on_block_filter":["minecraft:grass"],
      "minecraft:permute_type":[
{"entity_type":"pokemon:p143"}
      ],
      "minecraft:delay_filter":{"min":16,"max":32,"identifier":"pokemon:p143","spawn_chance":20},
      "minecraft:biome_filter":{"test":"has_biome_tag","value":"plains"}
      },
      {
      "minecraft:spawns_on_surface":{},
      "minecraft:density_limit":{"surface":1},
      "minecraft:spawns_on_block_filter":["minecraft:grass"],
      "minecraft:permute_type":[
{"weight":30,"entity_type":"pokemon:p148"},
{"weight":70,"entity_type":"pokemon:p147"}
      ],
      "minecraft:delay_filter":{"min":32,"max":64,"identifier":"pokemon:p147","spawn_chance":10},
      "minecraft:biome_filter":{"any_of":[{"test":"has_biome_tag","value":"savanna"},{"test":"has_biome_tag","value":"mesa"}]}
      },
      {
      "minecraft:spawns_on_surface":{},
      "minecraft:density_limit":{"surface":1},
      "minecraft:spawns_on_block_filter":["minecraft:grass"],
      "minecraft:permute_type":[
{"entity_type":"pokemon:p152"}
      ],
      "minecraft:delay_filter":{"min":32,"max":64,"identifier":"pokemon:p152","spawn_chance":10},
      "minecraft:biome_filter":{"any_of":[{"test":"has_biome_tag","value":"forest"},{"test":"has_biome_tag","value":"flower_forest"}]}
      },
      {
      "minecraft:spawns_on_surface":{},
      "minecraft:density_limit":{"surface":1},
      "minecraft:spawns_on_block_filter":["minecraft:grass","minecraft:sand"],
      "minecraft:permute_type":[
{"entity_type":"pokemon:p155"}
      ],
      "minecraft:delay_filter":{"min":32,"max":64,"identifier":"pokemon:p155","spawn_chance":10},
      "minecraft:biome_filter":{"any_of":[{"test":"has_biome_tag","value":"mesa"},{"test":"has_biome_tag","value":"desert"}]}
      },
      {
      "minecraft:spawns_on_surface":{},
      "minecraft:density_limit":{"surface":1},
      "minecraft:permute_type":[
{"entity_type":"pokemon:p158"}
      ],
      "minecraft:delay_filter":{"min":32,"max":64,"identifier":"pokemon:p158","spawn_chance":10},
      "minecraft:biome_filter":{"test":"has_biome_tag","value":"river"}
      },
      {
      "minecraft:spawns_on_surface":{},
      "minecraft:density_limit":{"surface":1},
      "minecraft:spawns_on_block_filter":["minecraft:grass","minecraft:sand","minecraft:snow_layer"],
      "minecraft:permute_type":[
{"weight":30,"entity_type":"pokemon:p162"},
{"weight":70,"entity_type":"pokemon:p161"}
      ],
      "minecraft:delay_filter":{"min":2,"max":4,"identifier":"pokemon:p161","spawn_chance":80},
      "minecraft:biome_filter":{"test":"has_biome_tag","value":"monster"}
      },
      {
      "minecraft:spawns_on_surface":{},
      "minecraft:density_limit":{"surface":1},
      "minecraft:spawns_on_block_filter":["minecraft:grass","minecraft:sand"],
      "minecraft:brightness_filter":{"min":0,"max":7},
      "minecraft:permute_type":[
{"weight":30,"entity_type":"pokemon:p164"},
{"weight":70,"entity_type":"pokemon:p163"}
      ],
      "minecraft:delay_filter":{"min":2,"max":4,"identifier":"pokemon:p163","spawn_chance":80},
      "minecraft:biome_filter":{"test":"has_biome_tag","value":"monster"}
      },
      {
      "minecraft:spawns_on_surface":{},
      "minecraft:density_limit":{"surface":1},
      "minecraft:spawns_on_block_filter":["minecraft:grass","minecraft:snow_layer"],
      "minecraft:permute_type":[
{"weight":30,"entity_type":"pokemon:p166"},
{"weight":70,"entity_type":"pokemon:p165"}
      ],
      "minecraft:delay_filter":{"min":2,"max":4,"identifier":"pokemon:p166","spawn_chance":80},
      "minecraft:biome_filter":{"test":"has_biome_tag","value":"forest"}
      },
      {
      "minecraft:spawns_on_surface":{},
      "minecraft:density_limit":{"surface":1},
      "minecraft:brightness_filter":{"min":0,"max":7},
      "minecraft:spawns_on_block_filter":["minecraft:grass","minecraft:sand"],
      "minecraft:permute_type":[
{"weight":30,"entity_type":"pokemon:p168"},
{"weight":70,"entity_type":"pokemon:p167"}
      ],
      "minecraft:delay_filter":{"min":2,"max":4,"identifier":"pokemon:p168","spawn_chance":80},
      "minecraft:biome_filter":{"any_of":[{"test":"has_biome_tag","value":"forest"},{"test":"has_biome_tag","value":"monster"}]}
      },
      {
      "minecraft:spawns_on_surface":{},
      "minecraft:density_limit":{"surface":1},
      "minecraft:spawns_on_block_filter":["minecraft:grass","minecraft:sand","minecraft:snow_layer"],
      "minecraft:permute_type":[
{"weight":10,"entity_type":"pokemon:p181"},
{"weight":30,"entity_type":"pokemon:p180"},
{"weight":60,"entity_type":"pokemon:p179"}
      ],
      "minecraft:delay_filter":{"min":2,"max":4,"identifier":"pokemon:p181","spawn_chance":80},
      "minecraft:biome_filter":{"any_of":[{"test":"has_biome_tag","value":"taiga"},{"test":"has_biome_tag","value":"plains"}]}
      },
      {
      "minecraft:spawns_on_surface":{},
      "minecraft:density_limit":{"surface":1},
      "minecraft:spawns_on_block_filter":["minecraft:grass"],
      "minecraft:permute_type":[
{"entity_type":"serp:sudowoodo_tree"}
      ],
      "minecraft:delay_filter":{"min":4,"max":8,"identifier":"serp:sudowoodo_tree","spawn_chance":20},
      "minecraft:biome_filter":{"test":"has_biome_tag","value":"plains"}
      },
      {
      "minecraft:spawns_on_surface":{},
      "minecraft:density_limit":{"surface":1},
      "minecraft:spawns_on_block_filter":["minecraft:grass"],
      "minecraft:permute_type":[
{"weight":10,"entity_type":"pokemon:p189"},
{"weight":30,"entity_type":"pokemon:p188"},
{"weight":60,"entity_type":"pokemon:p187"}
      ],
      "minecraft:delay_filter":{"min":4,"max":8,"identifier":"pokemon:p187","spawn_chance":40},
      "minecraft:biome_filter":{"all_of":[{"test":"has_biome_tag","value":"plains"},{"test":"has_biome_tag","value":"mutated"}]}
      },
      {
      "minecraft:spawns_on_surface":{},
      "minecraft:spawns_underground":{},
      "minecraft:density_limit":{"surface":1},
      "minecraft:spawns_on_block_filter":["minecraft:grass","minecraft:sand"],
      "minecraft:brightness_filter":{"min":0,"max":7,"adjust_for_weather":false},
      "minecraft:permute_type":[
{"entity_type":"pokemon:p200"}
      ],
      "minecraft:delay_filter":{"min":2,"max":4,"identifier":"pokemon:p200","spawn_chance":80},
      "minecraft:biome_filter":{"any_of":[{"test":"has_biome_tag","value":"monster"},{"test":"has_biome_tag","value":"nether"}]}
      },
      {
      "minecraft:spawns_on_surface":{},
      "minecraft:density_limit":{"surface":1},
      "minecraft:spawns_on_block_filter":["minecraft:grass"],
      "minecraft:permute_type":[
{"entity_type":"pokemon:p203"}
      ],
      "minecraft:delay_filter":{"min":4,"max":8,"identifier":"pokemon:p203","spawn_chance":60},
      "minecraft:biome_filter":{"any_of":[{"test":"has_biome_tag","value":"jungle"},{"test":"has_biome_tag","value":"savanna"}]}
      },
      {
      "minecraft:spawns_on_surface":{},
      "minecraft:density_limit":{"surface":1},
      "minecraft:spawns_on_block_filter":["minecraft:grass"],
      "minecraft:permute_type":[
{"weight":30,"entity_type":"pokemon:p204"},
{"weight":70,"entity_type":"pokemon:p205"}
      ],
      "minecraft:delay_filter":{"min":8,"max":16,"identifier":"pokemon:p204","spawn_chance":40},
      "minecraft:biome_filter":{"all_of":[{"test":"has_biome_tag","value":"roofed"},{"test":"has_biome_tag","value":"forest"}]}
      },
      {
      "minecraft:spawns_on_surface":{},
      "minecraft:spawns_underground":{},
      "minecraft:density_limit":{"surface":1},
      "minecraft:spawns_on_block_filter":["minecraft:grass"],
      "minecraft:permute_type":[
{"entity_type":"pokemon:p206"}
      ],
      "minecraft:delay_filter":{"min":16,"max":32,"identifier":"pokemon:p206","spawn_chance":20},
      "minecraft:biome_filter":{"any_of":[{"test":"has_biome_tag","value":"monster"},{"all_of":[{"test":"has_biome_tag","value":"roofed"},{"test":"has_biome_tag","value":"forest"}]}]}
      },
      {
      "minecraft:spawns_on_surface":{},
      "minecraft:density_limit":{"surface":1},
      "minecraft:spawns_on_block_filter":["minecraft:grass"],
      "minecraft:permute_type":[
{"entity_type":"pokemon:p214"}
      ],
      "minecraft:delay_filter":{"min":16,"max":32,"identifier":"pokemon:p214","spawn_chance":20},
      "minecraft:biome_filter":{"test":"has_biome_tag","value":"forest"}
      },
      {
      "minecraft:spawns_on_surface":{},
      "minecraft:density_limit":{"surface":1},
      "minecraft:spawns_on_block_filter":["minecraft:grass"],
      "minecraft:permute_type":[
{"entity_type":"pokemon:p225"}
      ],
      "minecraft:delay_filter":{"min":4,"max":8,"identifier":"pokemon:p225","spawn_chance":60},
      "minecraft:biome_filter":{"any_of":[{"all_of":[{"test":"has_biome_tag","value":"frozen"},{"test":"has_biome_tag","value":"ocean"}]},{"test":"has_biome_tag","value":"ice_plains"}]}
      },
      {
      "minecraft:spawns_on_surface":{},
      "minecraft:density_limit":{"surface":1},
      "minecraft:spawns_on_block_filter":["minecraft:grass"],
      "minecraft:permute_type":[
{"entity_type":"pokemon:234"}
      ],
      "minecraft:delay_filter":{"min":2,"max":4,"identifier":"pokemon:p234","spawn_chance":80},
      "minecraft:biome_filter":{"any_of":[{"test":"has_biome_tag","value":"ice_plains"}]}
      },
      {
      "minecraft:spawns_on_surface":{},
      "minecraft:density_limit":{"surface":1},
      "minecraft:spawns_on_block_filter":["minecraft:grass"],
      "minecraft:permute_type":[
{"entity_type":"pokemon:p241"}
      ],
      "minecraft:delay_filter":{"min":8,"max":16,"identifier":"pokemon:p241","spawn_chance":40},
      "minecraft:biome_filter":{"test":"has_biome_tag","value":"plains"}
      },
      {
      "minecraft:spawns_on_surface":{},
      "minecraft:density_limit":{"surface":1},
      "minecraft:spawns_on_block_filter":["minecraft:grass"],
      "minecraft:permute_type":[
{"entity_type":"pokemon:p252"}
      ],
      "minecraft:delay_filter":{"min":32,"max":64,"identifier":"pokemon:p252","spawn_chance":10},
      "minecraft:biome_filter":{"test":"has_biome_tag","value":"jungle"}
      },
      {
      "minecraft:spawns_on_surface":{},
      "minecraft:density_limit":{"surface":1},
      "minecraft:spawns_on_block_filter":["minecraft:grass","minecraft:sand"],
      "minecraft:permute_type":[
{"entity_type":"pokemon:p255"}
      ],
      "minecraft:delay_filter":{"min":32,"max":64,"identifier":"pokemon:p255","spawn_chance":10},
      "minecraft:biome_filter":{"test":"has_biome_tag","value":"mesa"}
      },
      {
      "minecraft:spawns_on_surface":{},
      "minecraft:density_limit":{"surface":1},
      "minecraft:spawns_on_block_filter":["minecraft:grass"],
      "minecraft:permute_type":[
{"entity_type":"pokemon:p258"}
      ],
      "minecraft:delay_filter":{"min":32,"max":64,"identifier":"pokemon:p258","spawn_chance":10},
      "minecraft:biome_filter":{"test":"has_biome_tag","value":"swamp"}
      },
      {
      "minecraft:spawns_on_surface":{},
      "minecraft:density_limit":{"surface":1},
      "minecraft:spawns_on_block_filter":["minecraft:grass","minecraft:sand","minecraft:snow_layer"],
      "minecraft:permute_type":[
{"weight":30,"entity_type":"pokemon:p262"},
{"weight":70,"entity_type":"pokemon:p261"}
      ],
      "minecraft:delay_filter":{"min":2,"max":4,"identifier":"pokemon:p261","spawn_chance":80},
      "minecraft:biome_filter":{"test":"has_biome_tag","value":"monster"}
      },
      {
      "minecraft:spawns_on_surface":{},
      "minecraft:density_limit":{"surface":1},
      "minecraft:spawns_on_block_filter":["minecraft:grass","minecraft:sand","minecraft:snow_layer"],
      "minecraft:permute_type":[
{"weight":30,"entity_type":"pokemon:p264"},
{"weight":70,"entity_type":"pokemon:p263"}
      ],
      "minecraft:delay_filter":{"min":2,"max":4,"identifier":"pokemon:p263","spawn_chance":80},
      "minecraft:biome_filter":{"test":"has_biome_tag","value":"monster"}
      },
      {
      "minecraft:spawns_on_surface":{},
      "minecraft:density_limit":{"surface":1},
      "minecraft:spawns_on_block_filter":["minecraft:grass"],
      "minecraft:permute_type":[
{"weight":15,"entity_type":"pokemon:p269"},
{"weight":15,"entity_type":"pokemon:p268"},
{"weight":20,"entity_type":"pokemon:p267"},
{"weight":20,"entity_type":"pokemon:p266"},
{"weight":30,"entity_type":"pokemon:p265"}
      ],
      "minecraft:delay_filter":{"min":2,"max":4,"identifier":"pokemon:p265","spawn_chance":80},
      "minecraft:biome_filter":{"test":"has_biome_tag","value":"forest"}
      },
      {
      "minecraft:spawns_on_surface":{},
      "minecraft:density_limit":{"surface":1},
      "minecraft:spawns_on_block_filter":["minecraft:grass"],
      "minecraft:permute_type":[
{"weight":30,"entity_type":"pokemon:p271"},
{"weight":70,"entity_type":"pokemon:p270"}
      ],
      "minecraft:delay_filter":{"min":2,"max":4,"identifier":"pokemon:p270","spawn_chance":80},
      "minecraft:biome_filter":{"any_of":[{"test":"has_biome_tag","value":"swamp"},{"test":"has_biome_tag","value":"river"}]}
      },
      {
      "minecraft:spawns_on_surface":{},
      "minecraft:density_limit":{"surface":1},
      "minecraft:spawns_on_block_filter":["minecraft:grass"],
      "minecraft:permute_type":[
{"weight":30,"entity_type":"pokemon:p274"},
{"weight":70,"entity_type":"pokemon:p273"}
      ],
      "minecraft:delay_filter":{"min":2,"max":4,"identifier":"pokemon:p273","spawn_chance":80},
      "minecraft:biome_filter":{"all_of":[{"test":"has_biome_tag","value":"roofed"},{"test":"has_biome_tag","value":"forest"}]}
      },
      {
      "minecraft:spawns_on_surface":{},
      "minecraft:density_limit":{"surface":1},
      "minecraft:spawns_on_block_filter":["minecraft:grass","minecraft:sand","minecraft:snow_layer"],
      "minecraft:permute_type":[
{"weight":30,"entity_type":"pokemon:p277"},
{"weight":70,"entity_type":"pokemon:p276"}
      ],
      "minecraft:delay_filter":{"min":2,"max":4,"identifier":"pokemon:p276","spawn_chance":80},
      "minecraft:biome_filter":{"test":"has_biome_tag","operator":"!=","value":"ocean"}
      },
      {
      "minecraft:spawns_on_surface":{},
      "minecraft:density_limit":{"surface":1},
      "minecraft:spawns_on_block_filter":["minecraft:grass"],
      "minecraft:permute_type":[
{"weight":30,"entity_type":"pokemon:p281"},
{"weight":70,"entity_type":"pokemon:p280"}
      ],
      "minecraft:delay_filter":{"min":8,"max":16,"identifier":"pokemon:p280","spawn_chance":40},
      "minecraft:biome_filter":{"test":"has_biome_tag","value":"cherry_grove"}
      },
      {
      "minecraft:spawns_on_surface":{},
      "minecraft:density_limit":{"surface":1},
      "minecraft:spawns_on_block_filter":["minecraft:grass"],
      "minecraft:permute_type":[
{"entity_type":"pokemon:p285"}
      ],
      "minecraft:delay_filter":{"min":4,"max":8,"identifier":"pokemon:p285","spawn_chance":60},
      "minecraft:biome_filter":{"test":"has_biome_tag","value":"jungle"}
      },
      {
      "minecraft:spawns_underground":{},
      "minecraft:density_limit":{"surface":1,"underground":10},
      "minecraft:permute_type":[
{"entity_type":"pokemon:p302"}
      ],
      "minecraft:delay_filter":{"min":2,"max":4,"identifier":"pokemon:p302","spawn_chance":10},
      "minecraft:biome_filter":{"test":"has_biome_tag","value":"monster"}
      },
      {
      "minecraft:spawns_on_surface":{},
      "minecraft:density_limit":{"surface":1},
      "minecraft:spawns_on_block_filter":["minecraft:grass"],
      "minecraft:permute_type":[
{"entity_type":"pokemon:p309"}
      ],
      "minecraft:delay_filter":{"min":8,"max":16,"identifier":"pokemon:p309","spawn_chance":40},
      "minecraft:biome_filter":{"test":"has_biome_tag","value":"swamp"}
      },
      {
      "minecraft:spawns_on_surface":{},
      "minecraft:density_limit":{"surface":1},
      "minecraft:spawns_on_block_filter":["minecraft:grass","minecraft:sand"],
      "minecraft:permute_type":[
{"weight":30,"entity_type":"pokemon:p329"},
{"weight":70,"entity_type":"pokemon:p328"}
      ],
      "minecraft:delay_filter":{"min":32,"max":64,"identifier":"pokemon:p328","spawn_chance":10},
      "minecraft:biome_filter":{"any_of":[{"test":"has_biome_tag","value":"mesa"},{"test":"has_biome_tag","value":"desert"}]}
      },
      {
      "minecraft:spawns_on_surface":{},
      "minecraft:spawns_underground":{},
      "minecraft:brightness_filter":{"max":7,"min":0},"adjust_for_weather":true,
      "minecraft:density_limit":{"surface":1,"underground":10},
      "minecraft:permute_type":[
{"weight":30,"entity_type":"pokemon:p354"},
{"weight":70,"entity_type":"pokemon:p353"}
      ],
      "minecraft:delay_filter":{"min":2,"max":4,"identifier":"pokemon:p353","spawn_chance":80},
      "minecraft:biome_filter":{"any_of":[{"test":"has_biome_tag","value":"monster"},{"test":"has_biome_tag","value":"nether"}]}
      },
      {
      "minecraft:spawns_on_surface":{},
      "minecraft:density_limit":{"surface":1},
      "minecraft:height_filter": {"min":128,"max":196},
      "minecraft:spawns_on_block_filter":["minecraft:stone"],
      "minecraft:permute_type":[
{"weight":30,"entity_type":"pokemon:p372"},
{"weight":70,"entity_type":"pokemon:p371"}
      ],
      "minecraft:delay_filter":{"min":16,"max":32,"identifier":"pokemon:p371","spawn_chance":20},
      "minecraft:biome_filter":{"test":"has_biome_tag","value":"monster"}
      },
      {
      "minecraft:spawns_on_surface":{},
      "minecraft:density_limit":{"surface":1},
      "minecraft:height_filter": {"min":128,"max":196},
      "minecraft:spawns_on_block_filter":["minecraft:stone"],
      "minecraft:permute_type":[
{"entity_type":"pokemon:p374"}
      ],
      "minecraft:delay_filter":{"min":16,"max":32,"identifier":"pokemon:p374","spawn_chance":20},
      "minecraft:biome_filter":{"test":"has_biome_tag","value":"monster"}
      },
      {
      "minecraft:spawns_on_surface":{},
      "minecraft:density_limit":{"surface":1},
      "minecraft:spawns_on_block_filter":["minecraft:grass"],
      "minecraft:permute_type":[
{"entity_type":"pokemon:p387"}
      ],
      "minecraft:delay_filter":{"min":32,"max":64,"identifier":"pokemon:p387","spawn_chance":10},
      "minecraft:biome_filter":{"all_of":[{"test":"has_biome_tag","value":"roofed"},{"test":"has_biome_tag","value":"forest"}]}
      },
      {
      "minecraft:spawns_on_surface":{},
      "minecraft:density_limit":{"surface":1},
      "minecraft:spawns_on_block_filter":["minecraft:grass","minecraft:sand"],
      "minecraft:permute_type":[
{"entity_type":"pokemon:p390"}
      ],
      "minecraft:delay_filter":{"min":32,"max":64,"identifier":"pokemon:p390","spawn_chance":10},
      "minecraft:biome_filter":{"test":"has_biome_tag","value":"mesa"}
      },
      {
      "minecraft:spawns_on_surface":{},
      "minecraft:density_limit":{"surface":1},
      "minecraft:spawns_on_block_filter":["minecraft:grass"],
      "minecraft:permute_type":[
{"entity_type":"pokemon:p393"}
      ],
      "minecraft:delay_filter":{"min":32,"max":64,"identifier":"pokemon:p393","spawn_chance":10},
      "minecraft:biome_filter":{"any_of":[{"all_of":[{"test":"has_biome_tag","value":"frozen"},{"test":"has_biome_tag","value":"ocean"}]},{"all_of":[{"test":"has_biome_tag","value":"frozen"},{"test":"has_biome_tag","operator":"!=","value":"ocean"}]}]}
      },
      {
      "minecraft:spawns_on_surface":{},
      "minecraft:density_limit":{"surface":1},
      "minecraft:spawns_on_block_filter":["minecraft:grass","minecraft:sand","minecraft:snow_layer"],
      "minecraft:permute_type":[
{"weight":10,"entity_type":"pokemon:p398"},
{"weight":30,"entity_type":"pokemon:p397"},
{"weight":60,"entity_type":"pokemon:p396"}
      ],
      "minecraft:delay_filter":{"min":2,"max":4,"identifier":"pokemon:p396","spawn_chance":80},
      "minecraft:biome_filter":{"test":"has_biome_tag","operator":"!=","value":"ocean"}
      },
      {
      "minecraft:spawns_on_surface":{},
      "minecraft:density_limit":{"surface":1},
      "minecraft:spawns_on_block_filter":["minecraft:grass","minecraft:sand","minecraft:snow_layer"],
      "minecraft:permute_type":[
{"weight":30,"entity_type":"pokemon:p400"},
{"weight":70,"entity_type":"pokemon:p399"}
      ],
      "minecraft:delay_filter":{"min":2,"max":4,"identifier":"pokemon:p399","spawn_chance":80},
      "minecraft:biome_filter":{"test":"has_biome_tag","value":"monster"}
      },
      {
      "minecraft:spawns_on_surface":{},
      "minecraft:density_limit":{"surface":1},
      "minecraft:spawns_on_block_filter":["minecraft:grass"],
      "minecraft:permute_type":[
{"entity_type":"pokemon:p417"}
      ],
      "minecraft:delay_filter":{"min":2,"max":4,"identifier":"pokemon:p417","spawn_chance":80},
      "minecraft:biome_filter":{"test":"has_biome_tag","value":"forest"}
      },
      {
      "minecraft:spawns_on_surface":{},
      "minecraft:density_limit":{"surface":1},
      "minecraft:spawns_on_block_filter":["minecraft:grass","minecraft:sand","minecraft:snow_layer"],
      "minecraft:permute_type":[
{"weight":30,"entity_type":"pokemon:p432"},
{"weight":70,"entity_type":"pokemon:p431"}
      ],
      "minecraft:delay_filter":{"min":4,"max":8,"identifier":"pokemon:p431","spawn_chance":60},
      "minecraft:biome_filter":{"test":"has_biome_tag","value":"monster"}
      },
      {
      "minecraft:spawns_on_surface":{},
      "minecraft:density_limit":{"surface":1},
      "minecraft:spawns_on_block_filter":["minecraft:sand"],
      "minecraft:permute_type":[
{"weight":30,"entity_type":"pokemon:p443"},
{"weight":70,"entity_type":"pokemon:p444"}
      ],
      "minecraft:delay_filter":{"min":16,"max":32,"identifier":"pokemon:p443","spawn_chance":20},
      "minecraft:biome_filter":{"test":"has_biome_tag","value":"desert"}
      },
      {
      "minecraft:spawns_on_surface":{},
      "minecraft:density_limit":{"surface":1},
      "minecraft:permute_type":[
{"weight":30,"entity_type":"pokemon:p886"},
{"weight":70,"entity_type":"pokemon:p885"}
      ],
      "minecraft:delay_filter":{"min":16,"max":32,"identifier":"pokemon:p885","spawn_chance":20},
      "minecraft:biome_filter":{"test":"has_biome_tag","value":"pale_garden"}
      }
    ]
  }
}