{
  "pools":[
    {"rolls":1,"entries":[{"type":"item","name":"minecraft:redstone","functions":[{"function":"set_count","count":2}]}]},
    {"rolls":1,"entries":[{"type":"item","name":"minecraft:coal_block"}]},
    {"rolls":1,"entries":[{"type":"item","name":"minecraft:iron_ingot","functions":[{"function":"set_count","count":3}]}]},
    {"rolls":1,"entries":[{"type":"item","name":"minecraft:stained_glass","functions":[{"function":"set_count","count":3},{"function":"set_data","data":11}]}]}
  ]
}