{
  "format_version":"1.21.10",
  "minecraft:block":{
    "description":{
      "identifier":"serp:apricorn_block",
	    "states":{"serp:phase":[0,1,2],"serp:apricorn":{"values":{"min":0,"max":15}}}
    },
    "components":{
      "minecraft:material_instances":{"*":{"texture":"apricorn_stem","render_method":"alpha_test","ambient_occlusion":true,"face_dimming":true}},
      "minecraft:geometry":"geometry.apricorn_stem",
      "minecraft:placement_filter":{"conditions":[{"allowed_faces":["up"],"block_filter":["farmland"]}]},
      "minecraft:destructible_by_explosion":{"explosion_resistance":0},
      "minecraft:destructible_by_mining":{"seconds_to_destroy":0.5},
      "minecraft:flammable":{"catch_chance_modifier":5,"destroy_chance_modifier":20},
      "minecraft:tick":{"interval_range":[3500,4500],"looping":true},
      "minecraft:custom_components":["serp:plant_tick"],
	    "minecraft:collision_box":false,
      "minecraft:light_dampening":0,
      "minecraft:loot":"loot_tables/poke_ore/crop_break.json",
      "tag:minecraft:crop":{}
    },
	  "permutations":[
{"condition":"q.block_state('serp:phase')==1","components":{"minecraft:material_instances":{"*":{"texture":"apricorn_empty","render_method":"alpha_test","ambient_occlusion":true,"face_dimming":true}},  "minecraft:geometry":"geometry.apricorn_plant"}},
{"condition":"q.block_state('serp:phase')==2&&q.block_state('serp:apricorn')==1","components":{"minecraft:material_instances":{"*":{"texture":"apricorn_black","render_method":"alpha_test","ambient_occlusion":true,"face_dimming":true}},  "minecraft:geometry":"geometry.apricorn_plant"}},
{"condition":"q.block_state('serp:phase')==2&&q.block_state('serp:apricorn')==2","components":{"minecraft:material_instances":{"*":{"texture":"apricorn_blue","render_method":"alpha_test","ambient_occlusion":true,"face_dimming":true}},  "minecraft:geometry":"geometry.apricorn_plant"}},
{"condition":"q.block_state('serp:phase')==2&&q.block_state('serp:apricorn')==3","components":{"minecraft:material_instances":{"*":{"texture":"apricorn_cyan","render_method":"alpha_test","ambient_occlusion":true,"face_dimming":true}},  "minecraft:geometry":"geometry.apricorn_plant"}},
{"condition":"q.block_state('serp:phase')==2&&q.block_state('serp:apricorn')==4","components":{"minecraft:material_instances":{"*":{"texture":"apricorn_green","render_method":"alpha_test","ambient_occlusion":true,"face_dimming":true}},  "minecraft:geometry":"geometry.apricorn_plant"}},
{"condition":"q.block_state('serp:phase')==2&&q.block_state('serp:apricorn')==5","components":{"minecraft:material_instances":{"*":{"texture":"apricorn_orange","render_method":"alpha_test","ambient_occlusion":true,"face_dimming":true}},  "minecraft:geometry":"geometry.apricorn_plant"}},
{"condition":"q.block_state('serp:phase')==2&&q.block_state('serp:apricorn')==6","components":{"minecraft:material_instances":{"*":{"texture":"apricorn_pink","render_method":"alpha_test","ambient_occlusion":true,"face_dimming":true}},  "minecraft:geometry":"geometry.apricorn_plant"}},
{"condition":"q.block_state('serp:phase')==2&&q.block_state('serp:apricorn')==7","components":{"minecraft:material_instances":{"*":{"texture":"apricorn_red","render_method":"alpha_test","ambient_occlusion":true,"face_dimming":true}},  "minecraft:geometry":"geometry.apricorn_plant"}},
{"condition":"q.block_state('serp:phase')==2&&q.block_state('serp:apricorn')==8","components":{"minecraft:material_instances":{"*":{"texture":"apricorn_white","render_method":"alpha_test","ambient_occlusion":true,"face_dimming":true}},  "minecraft:geometry":"geometry.apricorn_plant"}},
{"condition":"q.block_state('serp:phase')==2&&q.block_state('serp:apricorn')==9","components":{"minecraft:material_instances":{"*":{"texture":"apricorn_yellow","render_method":"alpha_test","ambient_occlusion":true,"face_dimming":true}},  "minecraft:geometry":"geometry.apricorn_plant"}}
		]
  }
}