{
  "format_version":"1.21.10",
  "minecraft:block":{
    "description":{
      "identifier":"serp:poke_ore_block"
    },
    "components":{
      "minecraft:material_instances":{"*":{"texture":"poke_ore","render_method":"alpha_test","ambient_occlusion":false,"face_dimming":true}},
      "minecraft:geometry":"geometry.poke_ore",
      "minecraft:light_emission":6,
      "minecraft:destructible_by_explosion":{"explosion_resistance":0},
      "minecraft:destructible_by_mining":{"seconds_to_destroy":3},
	    "minecraft:collision_box":true,
      "minecraft:light_dampening":0,
      "minecraft:loot":"loot_tables/poke_ore/main.json",
      "tag:minecraft:stone":{}
    }
  }
}