{
  "pools":[
    {
      "rolls":1,
      "entries":[
        {"weight":60,"type":"loot_table","name":"loot_tables/poke_ore/poke_ore.json"},
        {"weight":30,"type":"loot_table","name":"loot_tables/poke_ore/key_ore.json"},
        {"weight":10,"type":"loot_table","name":"loot_tables/poke_ore/wish_ore.json"}
      ]
    },
    {
      "rolls":1,
      "entries":[
{"type":"item","name":"minecraft:cobblestone","functions":[{"function":"set_count","count":{"min":1,"max":2}}]}
      ]
    }
  ]
}