{
	"format_version":"1.13.0",
	"minecraft:feature_rules":{
		"description":{
	"identifier":"serp:buildings_feature_rule",
	"places_feature":"serp:buildings_feature"
		},
		"conditions":{
			"placement_pass":"surface_pass",
      "minecraft:biome_filter":[{"any_of":[{"test":"has_biome_tag","value":"overworld"},{"test":"has_biome_tag","value":"overworld_generated"}]}]
		},
    "distribution":{
      "iterations":1,
      "scatter_chance":20,
      "x":{"distribution":"uniform","extent":[0,64]},
      "y":"query.heightmap(variable.worldx,variable.worldz)",
      "z":{"distribution":"uniform","extent":[0,64]}
    }
  }
}