{
  "pools":[
	{
      "rolls":1,
      "entries":[
{"type":"item","name":"serp:poke","functions":[{"function":"set_count","count":{"min":450,"max":900}}]}
      ]
    },
    {
      "rolls":1,
      "entries":[
{"type":"item","weight":10,"name":"serp:cheri_berry","functions":[{"function":"set_count","count":{"min":2,"max":5}}]},
{"type":"item","weight":10,"name":"serp:chesto_berry","functions":[{"function":"set_count","count":{"min":2,"max":5}}]},
{"type":"item","weight":10,"name":"serp:lum_berry","functions":[{"function":"set_count","count":{"min":2,"max":5}}]},
{"type":"item","weight":10,"name":"serp:nanab_berry","functions":[{"function":"set_count","count":{"min":2,"max":5}}]},
{"type":"item","weight":10,"name":"serp:aspear_berry","functions":[{"function":"set_count","count":{"min":2,"max":5}}]},
{"type":"item","weight":10,"name":"serp:pamtre_berry","functions":[{"function":"set_count","count":{"min":2,"max":5}}]},
{"type":"item","weight":10,"name":"serp:razz_berry","functions":[{"function":"set_count","count":{"min":2,"max":5}}]},
{"type":"item","weight":10,"name":"serp:pinap_berry","functions":[{"function":"set_count","count":{"min":2,"max":5}}]},
{"type":"item","weight":10,"name":"serp:persim_berry","functions":[{"function":"set_count","count":{"min":2,"max":5}}]},
{"type":"item","weight":10,"name":"serp:rindo_berry","functions":[{"function":"set_count","count":{"min":2,"max":5}}]},
{"type":"item","weight":10,"name":"serp:rawst_berry","functions":[{"function":"set_count","count":{"min":2,"max":5}}]}
      ]
    },
    {
      "rolls":1,
      "entries":[
{"type":"item","weight":5,"name":"serp:silver_powder"},
{"type":"item","weight":5,"name":"serp:black_glasses"},
{"type":"item","weight":5,"name":"serp:dragon_fang"},
{"type":"item","weight":5,"name":"serp:magnet"},
{"type":"item","weight":5,"name":"serp:fairy_feather"},
{"type":"item","weight":5,"name":"serp:black_belt"},
{"type":"item","weight":5,"name":"serp:charcoal"},
{"type":"item","weight":5,"name":"serp:sharp_beak"},
{"type":"item","weight":5,"name":"serp:spell_tag"},
{"type":"item","weight":5,"name":"serp:miracle_seed"},
{"type":"item","weight":5,"name":"serp:soft_sand"},
{"type":"item","weight":5,"name":"serp:never_melt_ice"},
{"type":"item","weight":5,"name":"serp:silk_scarf"},
{"type":"item","weight":5,"name":"serp:poison_barb"},
{"type":"item","weight":5,"name":"serp:twisted_spoon"},
{"type":"item","weight":5,"name":"serp:hard_stone"},
{"type":"item","weight":5,"name":"serp:metal_coat"},
{"type":"item","weight":5,"name":"serp:mystic_water"}
      ]
    }
  ]
}