{
  "format_version":"1.21.10",
  "minecraft:item":{
    "description":{
      "identifier":"serp:fresh_water",
	    "menu_category":{"group":"itemGroup.name.potion","category":"equipment"}
    },
    "components":{
      "minecraft:display_name":{"value":"item.serp:fresh_water.name"},
      "minecraft:icon":"fresh_water",
      "minecraft:food":{"nutrition":5,"saturation_modifier":5},
	    "minecraft:use_modifiers":{"use_duration":1.6,"movement_modifier":0.35},
	    "minecraft:use_animation":"drink"
    }
  }
}