{
  "format_version":"1.21.10",
  "minecraft:item":{
    "description":{
      "identifier":"serp:lemonade",
	    "menu_category":{"group":"itemGroup.name.potion","category":"equipment"}
    },
    "components":{
      "minecraft:display_name":{"value":"item.serp:lemonade.name"},
      "minecraft:icon":"lemonade",
      "minecraft:food":{"nutrition":8,"saturation_modifier":0.6},
	    "minecraft:use_modifiers":{"use_duration":1.6,"movement_modifier":0.35},
	    "minecraft:use_animation":"drink"
    }
  }
}