{
  "format_version":"1.21.10",
  "minecraft:item":{
    "description":{
      "identifier":"serp:pokepuff_mint",
	    "menu_category":{"group":"itemGroup.name.cookedFood","category":"equipment"}
    },
    "components":{
      "minecraft:display_name":{"value":"item.serp:pokepuff_mint.name"},
      "minecraft:icon":"pokepuff_mint",
      "minecraft:food":{"nutrition":5,"saturation_modifier":0.4},
      "minecraft:use_modifiers":{"use_duration":1.6,"movement_modifier":0.35},
      "minecraft:use_animation":"eat"
    }
  }
}