{
  "format_version":"1.21.10",
  "minecraft:item":{
    "description":{
      "identifier":"serp:slowpoke_tail",
	    "menu_category":{"group":"itemGroup.name.rawFood","category":"nature"}
    },
    "components":{
      "minecraft:display_name":{"value":"item.serp:slowpoke_tail.name"},
      "minecraft:icon":"slowpoke_tail",
      "minecraft:food":{"nutrition":6,"saturation_modifier":0.4},
	    "minecraft:use_modifiers":{"use_duration":1.6,"movement_modifier":0.35},
	    "minecraft:use_animation":"eat"
    }
  }
}