{
  "format_version":"1.16.0",
  "minecraft:entity":{
    "description":{
      "identifier":"pokemon:p6",
      "is_spawnable":false,"is_summonable":true,
      "is_experimental":true,"properties":{"serp:v":{"client_sync":true,"range":[0,6],"type":"int","default":0},"serp:st":{"client_sync":true,"range":[0,6],"type":"int","default":0}},
      "runtime_identifier":"chicken",
      "scripts":{"animate":["fly"]},
      "animations":{"fly":"controller.animation.fly"}
    },
  "component_groups":{
    "serp:sittable":{"minecraft:sittable":{}},
    "serp:saddled":{
      "minecraft:rideable":{"seat_count":1,"crouching_skip_interact":true,"interact_text":"action.interact.mount","seats":{"position":[0,1,-0.2]}},
      "minecraft:input_ground_controlled":{},"minecraft:can_power_jump":{},"minecraft:horse.jump_strength":{"value":0.75},"minecraft:behavior.player_ride_tamed":{},
      "minecraft:scheduler":{"min_delay_secs":0,"max_delay_secs":0,"scheduled_events":[{"filters":{"all_of":[{"test":"rider_count","value":0},{"test":"has_tag","operator":"!=","value":"rided"}]},"event":"serp:srider"},{"filters":{"all_of":[{"test":"rider_count","value":0},{"test":"has_tag","value":"rided"}]},"event":"serp:unsaddle"}]}
    },
    "serp:mega":{"minecraft:variant":{"value":1},"minecraft:scale":{"value":1.2}},
    "serp:mega2":{"minecraft:variant":{"value":2},"minecraft:scale":{"value":1.2}},
    "serp:max":{"minecraft:variant":{"value":3},"minecraft:scale":{"value":3}},
    "serp:normalize":{"minecraft:variant":{"value":0},"minecraft:scale":{"value":1}}
  },
    "components":{
      "minecraft:type_family":{"family":["pokemon","charizard"]},
      "minecraft:despawn":{"despawn_from_distance":{"max_distance":32,"min_distance":28}},
      "minecraft:entity_sensor":{"subsensors":[{"cooldown":3,"event":"serp:wild"}]},
      "minecraft:loot":{"table":"loot_tables/entities/blaze.json"},
      "minecraft:tameable":{},"minecraft:behavior.follow_owner":{"priority":1,"speed_multiplier":2,"start_distance":14,"stop_distance":3},
      "minecraft:behavior.panic":{"priority":1,"speed_multiplier":2,"ignore_mob_damage":true,"damage_sources":["fire"]},
      "minecraft:breathable":{"total_supply":10,"breathes_water":false,"breathes_air":true,"generates_bubbles":true},
      "minecraft:collision_box":{"width":1.3,"height":2.2},
      "minecraft:health":{"value":99999},
      "minecraft:damage_sensor":{
    "triggers":[
{"on_damage":{"filters":{"any_of":[{"test":"has_damage","value":"fall"},{"test":"is_owner","subject":"other"},{"all_of":[{"test":"has_tag","value":"battle"},{"test":"has_damage","operator":"!=","value":"drowning"}]}]}},"deals_damage":false}
        ]
      },
      "minecraft:flying_speed":{"value":0.5},
      "minecraft:navigation.fly":{"can_path_over_water":true,"can_path_from_air":true,"avoid_damage_blocks":true,"avoid_water":true},
      "minecraft:movement.fly":{},
      "minecraft:can_fly":{},
      "minecraft:jump.static":{},
      "minecraft:can_climb":{},
      "minecraft:behavior.float":{"priority":2},
	    "minecraft:behavior.move_towards_restriction":{"priority":7},
      "minecraft:behavior.random_stroll":{"priority":9,"speed_multiplier":1},
      "minecraft:behavior.random_look_around":{"priority":7},
	    "minecraft:physics":{},
      "minecraft:pushable":{},
      "minecraft:behavior.stay_while_sitting":{"priority":0}
    },
    "events":{
      "minecraft:entity_spawned":{},
      "serp:wild":{},
      "serp:saddle":{"add":{"component_groups":["serp:saddled"]},"remove":{"component_groups":["serp:sittable"]}},
      "serp:srider":{},
      "serp:unsaddle":{"add":{"component_groups":["serp:sittable"]},"remove":{"component_groups":["serp:saddled"]}},
      "serp:unsittable":{"remove":{"component_groups":["serp:sittable"]}},
      "serp:mega":{"add":{"component_groups":["serp:mega"]}},
      "serp:mega2":{"add":{"component_groups":["serp:mega2"]}},
      "serp:max":{"add":{"component_groups":["serp:max"]}},
      "serp:normalize":{"remove":{"component_groups":["serp:mega","serp:mega2","serp:max"]},"add":{"component_groups":["serp:normalize","serp:sittable"]}}
    }
  }
}