{
  "format_version":"1.16.0",
  "minecraft:entity":{
    "description":{
      "identifier":"pokemon:p466",
      "is_spawnable":false,"is_summonable":true,
      "is_experimental":true,"properties":{"serp:v":{"client_sync":true,"range":[0,6],"type":"int","default":0},"serp:st":{"client_sync":true,"range":[0,6],"type":"int","default":0}}
    },
  "component_groups":{
    "serp:sittable":{"minecraft:sittable":{}},
    "serp:saddled":{
      "minecraft:rideable":{"seat_count":1,"crouching_skip_interact":true,"interact_text":"action.interact.mount","seats":{"position":[0,1.3,-0.6]}},
      "minecraft:input_ground_controlled":{},"minecraft:can_power_jump":{},"minecraft:horse.jump_strength":{"value":0.25},"minecraft:behavior.player_ride_tamed":{},
      "minecraft:scheduler":{"min_delay_secs":0,"max_delay_secs":0,"scheduled_events":[{"filters":{"all_of":[{"test":"rider_count","value":0},{"test":"has_tag","operator":"!=","value":"rided"}]},"event":"serp:srider"},{"filters":{"all_of":[{"test":"rider_count","value":0},{"test":"has_tag","value":"rided"}]},"event":"serp:unsaddle"}]}
    },
    "serp:max":{"minecraft:variant":{"value":3},"minecraft:scale":{"value":4.5}},
    "serp:normalize":{"minecraft:variant":{"value":0},"minecraft:scale":{"value":1}}
  },
    "components":{
      "minecraft:type_family":{"family":["pokemon","electivire"]},
      "minecraft:despawn":{"despawn_from_distance":{"max_distance":32,"min_distance":28}},
      "minecraft:entity_sensor":{"subsensors":[{"cooldown":3,"event":"serp:wild"}]},
      "minecraft:loot":{"table":"loot_tables/entities/elekid.json"},
      "minecraft:tameable":{},"minecraft:behavior.follow_owner":{"priority":1,"speed_multiplier":1,"start_distance":14,"stop_distance":3},
      "minecraft:behavior.panic":{"priority":1,"speed_multiplier":1,"ignore_mob_damage":true,"damage_sources":["fire"]},
      "minecraft:breathable":{"total_supply":10,"breathes_water":false,"breathes_air":true,"generates_bubbles":true},
      "minecraft:collision_box":{"width":1.3,"height":2.2},
      "minecraft:health":{"value":99999},
      "minecraft:damage_sensor":{
    "triggers":[
{"on_damage":{"filters":{"any_of":[{"test":"is_owner","subject":"other"},{"all_of":[{"test":"has_tag","value":"battle"},{"test":"has_damage","operator":"!=","value":"drowning"}]}]}},"deals_damage":false}
        ]
      },
      "minecraft:movement":{"value":0.4},
      "minecraft:navigation.walk":{"avoid_damage_blocks":true,"avoid_water":true},
      "minecraft:movement.basic":{},
      "minecraft:jump.static":{},
      "minecraft:can_climb":{},
      "minecraft:behavior.float":{"priority":2},
	    "minecraft:behavior.move_towards_restriction":{"priority":7},
      "minecraft:behavior.random_stroll":{"priority":9,"speed_multiplier":0.7},
      "minecraft:behavior.random_look_around":{"priority":7},
	    "minecraft:physics":{},
      "minecraft:pushable":{},
      "minecraft:behavior.stay_while_sitting":{"priority":0}
    },
    "events":{
      "minecraft:entity_spawned":{},
      "serp:wild":{},
      "serp:saddle":{"add":{"component_groups":["serp:saddled"]},"remove":{"component_groups":["serp:sittable"]}},
      "serp:srider":{},
      "serp:unsaddle":{"add":{"component_groups":["serp:sittable"]},"remove":{"component_groups":["serp:saddled"]}},
      "serp:unsittable":{"remove":{"component_groups":["serp:sittable"]}},
      "serp:max":{"add":{"component_groups":["serp:max"]}},
      "serp:normalize":{"add":{"component_groups":["serp:normalize","serp:sittable"]},"remove":{"component_groups":["serp:max"]}}
    }
  }
}