{
  "pools":[
    {
      "rolls":1,
      "entries":[
{"type":"item","name":"minecraft:beetroot_seeds","functions":[{"function":"set_count","count":{"min":1,"max":2}}]},
{"type":"item","name":"minecraft:melon_seeds","functions":[{"function":"set_count","count":{"min":1,"max":2}}]},
{"type":"item","name":"minecraft:pumpkin_seeds","functions":[{"function":"set_count","count":{"min":1,"max":2}}]},
{"type":"item","name":"minecraft:torchflower_seeds","functions":[{"function":"set_count","count":{"min":1,"max":2}}]},
{"type":"item","name":"minecraft:wheat_seeds","functions":[{"function":"set_count","count":{"min":1,"max":2}}]},
{"type":"item","name":"serp:apricorn_seed","functions":[{"function":"set_count","count":{"min":1,"max":2}}]},
{"type":"item","name":"serp:berry_seeds","functions":[{"function":"set_count","count":{"min":1,"max":2}}]}
      ]
    }
  ]
}