{
  "pools":[
    {
      "rolls":1,
      "entries":[
{"weight":50,"type":"item","name":"wheat_seeds"},
{"weight":5,"type":"item","name":"serp:aspear_berry","functions":[{"function":"set_count","count":{"min":1,"max":2}}]},
{"weight":5,"type":"item","name":"serp:cheri_berry","functions":[{"function":"set_count","count":{"min":1,"max":2}}]},
{"weight":5,"type":"item","name":"serp:chesto_berry","functions":[{"function":"set_count","count":{"min":1,"max":2}}]},
{"weight":5,"type":"item","name":"serp:lum_berry","functions":[{"function":"set_count","count":{"min":1,"max":2}}]},
{"weight":5,"type":"item","name":"serp:nanab_berry","functions":[{"function":"set_count","count":{"min":1,"max":2}}]},
{"weight":5,"type":"item","name":"serp:oran_berry","functions":[{"function":"set_count","count":{"min":1,"max":2}}]},
{"weight":5,"type":"item","name":"serp:pamtre_berry","functions":[{"function":"set_count","count":{"min":1,"max":2}}]},
{"weight":5,"type":"item","name":"serp:pecha_berry","functions":[{"function":"set_count","count":{"min":1,"max":2}}]},
{"weight":5,"type":"item","name":"serp:persim_berry","functions":[{"function":"set_count","count":{"min":1,"max":2}}]},
{"weight":5,"type":"item","name":"serp:pinap_berry","functions":[{"function":"set_count","count":{"min":1,"max":2}}]},
{"weight":5,"type":"item","name":"serp:rawst_berry","functions":[{"function":"set_count","count":{"min":1,"max":2}}]},
{"weight":5,"type":"item","name":"serp:razz_berry","functions":[{"function":"set_count","count":{"min":1,"max":2}}]},
{"weight":5,"type":"item","name":"serp:rindo_berry","functions":[{"function":"set_count","count":{"min":1,"max":2}}]},
{"weight":5,"type":"item","name":"serp:sitrus_berry","functions":[{"function":"set_count","count":{"min":1,"max":2}}]}
      ]
    }
  ]
}