{
    "pools": [
      {
        "rolls": {
          "min": 1,
          "max": 1
        },
        "entries": [
          {
            "type": "item",
            "name": "minecraft:howl_pottery_sherd",
            "weight": 1
          },
          {
            "type": "item",
            "name": "minecraft:sheaf_pottery_sherd",
            "weight": 1
          },
          {
            "type": "item",
            "name": "minecraft:heart_pottery_sherd",
            "weight": 1
          },
          {
            "type": "item",
            "name": "minecraft:heartbreak_pottery_sherd",
            "weight": 1
          },
          {
            "type": "item",
            "name": "minecraft:friend_pottery_sherd",
            "weight": 1
          },
          {
            "type": "item",
            "name": "minecraft:danger_pottery_sherd",
            "weight": 1
          },
          {
            "type": "item",
            "name": "minecraft:burn_pottery_sherd",
            "weight": 1
          },
          {
            "type": "item",
            "name": "minecraft:wayfinder_armor_trim_smithing_template",
            "weight": 1
          },
          {
            "type": "item",
            "name": "minecraft:raiser_armor_trim_smithing_template",
            "weight": 1
          },
          {
            "type": "item",
            "name": "minecraft:shaper_armor_trim_smithing_template",
            "weight": 1
          },
          {
            "type": "item",
            "name": "minecraft:host_armor_trim_smithing_template",
            "weight": 1
          },
          {
            "type": "item",
            "name": "minecraft:music_disc_relic",
            "weight": 1
          },
          {"type":"item","name":"serp:fossil_helix","weight":2},
          {"type":"item","name":"serp:fossil_dome","weight":2},
          {"type":"item","name":"serp:ancient_amber","weight":2}
        ]
      }
    ]
  }
