{
  "pools": [
      {
            "rolls": 1,
            "entries": [
                {
        "type": "item",
        "name": "minecraft:wool",
            "functions": [
                    {
                "function": "set_data",
                    "data": 0
                        },
                    {
                "function": "set_count",
                            "count": {
                                "min": 2,
                                "max": 3
                            }
                        }
                    ]
                }
            ]
        }
    ]
}