{
  "format_version":"1.21.10",
  "minecraft:item":{
    "description":{
      "identifier":"serp:chesto_berry",
      "menu_category":{"group":"itemGroup.name.crop","category":"nature"}
    },
    "components":{
      "minecraft:display_name":{"value":"equippable.2"},
      "minecraft:icon":"chesto",
      "minecraft:food":{"nutrition":6,"saturation_modifier":0.3},
	    "minecraft:use_modifiers":{"use_duration":1.6,"movement_modifier":0.35},
	    "minecraft:use_animation":"eat"
    }
  }
}