{
  "format_version":"1.21.10",
  "minecraft:item":{
    "description":{
      "identifier":"serp:enigma_berry",
      "menu_category":{"group":"itemGroup.name.crop","category":"nature"}
    },
    "components":{
      "minecraft:display_name":{"value":"equippable.3"},
      "minecraft:icon":"enigma",
      "minecraft:food":{"nutrition":4,"saturation_modifier":0.3},
	    "minecraft:use_modifiers":{"use_duration":1.6,"movement_modifier":0.35},
	    "minecraft:use_animation":"eat"
    }
  }
}