{
  "format_version":"1.21.10",
  "minecraft:block":{
    "description":{
      "identifier":"serp:center_front",
      "states":{"serp:phase":[0,1,2,3]}
    },
    "components":{
	    "minecraft:collision_box":false,
      "minecraft:material_instances":{"*":{"texture":"center_front","render_method":"alpha_test","face_dimming":false}},
      "minecraft:geometry":"geometry.centerfront",
      "minecraft:destructible_by_mining":false
    },
    "permutations":[
{"condition":"q.block_state('serp:phase')==0","components":{"minecraft:transformation":{"rotation":[0,0,0]}}},
{"condition":"q.block_state('serp:phase')==1","components":{"minecraft:transformation":{"rotation":[0,90,0]}}},
{"condition":"q.block_state('serp:phase')==2","components":{"minecraft:transformation":{"rotation":[0,180,0]}}},
{"condition":"q.block_state('serp:phase')==3","components":{"minecraft:transformation":{"rotation":[0,270,0]}}}
    ]
  }
}