{
  "format_version":"1.13.0",
  "minecraft:feature_rules":{
    "description":{
      "identifier":"serp:ore_feature_rule",
      "places_feature":"serp:poke_ore_feature"
    },
    "conditions":{
      "placement_pass":"underground_pass",
      "minecraft:biome_filter":[{"any_of":[{"test":"has_biome_tag","value":"overworld"},{"test":"has_biome_tag","value":"overworld_generation"}]}]
    },
    "distribution":{
	    "scatter_chance":75,
	    "iterations":2,
      "coordinate_eval_order":"zyx",
      "x":{"distribution":"uniform","extent":[0,16]},
      "y":{"distribution":"uniform","extent":[-64,64]},
      "z":{"distribution":"uniform","extent":[0,16]}
    }
  }
}