{
  "format_version":"1.10.0",
  "animation_controllers":{
	"controller.animation.bike":{
	  "states":{
	    "default":{"transitions":[{"ride":"!q.is_on_ground&&q.vertical_speed>0.3"}]},
		  "ride":{"on_entry":["/event entity @s serp:bike_jump"],"transitions":[{"default":"q.is_on_ground&&q.vertical_speed==0"}]}
	  }
	},
	"controller.animation.typhlosion":{
	  "states":{
	    "default":{"transitions":[{"dive_down":"q.has_rider>0"}]},
	    "dive_down":{"on_entry":["/effect @s fire_resistance 1 1 true","/effect @p fire_resistance 1 1 true"],"transitions":[{"default":"(1.0)"}]}
	  }
	},
    "controller.animation.fly":{
      "states":{
        "default":{"transitions":[{"flying":"(!q.is_on_ground)&&q.has_rider>0&&q.head_x_rotation(0)<1"}]},
        "flying":{"on_entry":["/effect @s levitation 1 3 true"],"transitions":[{"default":"(1.0)"}]}
      }
    },
    "controller.animation.dive":{
      "states":{
        "default":{"transitions":[{"dive_up":"q.is_in_water&&q.has_rider>0&&q.head_x_rotation(0)<0"},{"dive_down":"q.is_in_water&&q.has_rider>0&&q.head_x_rotation(0)>=0"}]},
        "dive_down":{"on_entry":["/effect @p water_breathing 2 1 true","/effect @p night_vision 1 1 true"],"transitions":[{"default":"(1.0)"}]},
        "dive_up":{"on_entry":["/effect @p night_vision 1 1 true","/effect @p water_breathing 1 1 true","/effect @s levitation 1 5 true"],"transitions":[{"default":"(1.0)"}]}
      }
    },
    "controller.animation.dash":{
      "states":{
        "default":{"transitions":[{"ride":"!q.is_on_ground&&(q.vertical_speed>0)&&(q.has_rider>0)"}]},
        "ride":{"on_entry":["/function spawn/dash"],"transitions":[{"default":"q.is_on_ground"}]}
      }
    }
  }
}